idEntrenador,Temporada,Equipo,PJ,PG,PE,PP
1,1986-87,8,29,11,10,8
1,1987-88,8,40,23,12,5
1,1988-89,8,38,13,12,13
1,1989-90,8,38,13,9,16
1,1990-91,8,38,16,12,10
1,1991-92,8,42,21,15,6
1,1992-93,8,42,24,12,6
1,1993-94,8,42,27,11,4
1,1994-95,8,42,26,10,6
1,1995-96,8,38,25,7,6
1,1996-97,8,38,21,12,5
1,1997-98,8,38,23,8,7
1,1998-99,8,38,22,13,3
1,1999-00,8,38,28,7,3
1,2000-01,8,38,24,8,6
1,2001-02,8,38,24,5,9
1,2002-03,8,38,25,8,5
1,2003-04,8,38,23,6,9
1,2004-05,8,38,22,11,5
1,2005-06,8,38,25,8,5
1,2006-07,8,38,28,5,5
1,2007-08,8,38,27,6,5
1,2008-09,8,38,28,6,4
1,2009-10,8,38,27,4,7
1,2010-11,8,38,23,11,4
1,2011-12,8,38,28,5,5
1,2012-13,8,38,28,5,5
2,1994-95,28,8,2,1,5
2,1996-97,31,30,14,9,7
2,1997-98,31,38,23,9,6
2,1998-99,31,38,22,12,4
2,1999-00,31,38,22,7,9
2,2000-01,31,38,20,10,8
2,2001-02,31,38,26,9,3
2,2002-03,31,38,23,9,6
2,2003-04,31,38,26,12,0
2,2004-05,31,38,25,8,5
2,2005-06,31,38,20,7,11
2,2006-07,31,38,19,11,8
2,2007-08,31,38,24,11,3
2,2008-09,31,38,20,12,6
2,2009-10,31,38,23,6,9
2,2010-11,31,38,19,11,8
2,2011-12,31,38,21,7,10
2,2012-13,31,38,21,10,7
2,2013-14,31,38,24,7,7
2,2014-15,31,38,22,9,7
2,2015-16,31,38,20,11,7
2,2016-17,31,38,23,6,9
2,2017-18,31,38,19,6,13
3,1996-97,333,34,18,9,7
3,1997-98,333,34,15,12,7
3,1998-99,9,14,8,3,3
3,1999-00,9,34,21,8,5
3,2000-01,9,34,21,10,3
3,2001-02,2,25,10,10,5
3,2002-03,2,34,18,7,9
3,2003-04,2,34,25,7,2
3,2004-05,2,38,23,10,5
3,2005-06,2,38,28,4,6
3,2006-07,2,38,19,12,7
3,2007-08,2,38,18,10,10
3,2008-09,2,38,22,8,8
3,2009-10,11,38,27,5,6
3,2010-11,11,38,21,8,9
3,2011-12,0,19,11,6,2
3,2012-13,0,38,25,8,5
3,2013-14,1,38,27,6,5
3,2014-15,1,38,30,2,6
3,2016-17,3,34,25,7,2
3,2017-18,3,6,4,1,1
3,2018-19,90,38,24,7,7
3,2019-20,90,15,5,6,4
3,2019-20,120,20,8,6,6
3,2020-21,120,38,17,8,13
3,2021-22,1,38,26,8,4
3,2022-23,1,38,24,6,8
3,2023-24,1,34,27,6,1
4,2008-09,5,38,27,6,5
4,2009-10,5,38,31,6,1
4,2010-11,5,38,30,6,2
4,2011-12,5,38,28,7,3
4,2013-14,3,34,29,3,2
4,2014-15,3,34,25,4,5
4,2015-16,3,34,28,4,2
4,2016-17,15,38,23,9,6
4,2017-18,15,38,32,4,2
4,2018-19,15,38,32,2,4
4,2019-20,15,38,26,3,9
4,2020-21,15,38,27,5,6
4,2021-22,15,38,29,6,3
4,2022-23,15,38,28,5,5
4,2023-24,15,34,24,7,3
5,1990-91,0,34,8,6,20
5,1992-93,0,34,9,12,13
5,1994-95,0,20,2,6,12
5,1996-97,0,10,0,4,6
5,1998-99,7,15,5,4,6
6,2000-01,10,9,5,2,2
6,2001-02,0,19,9,7,3
6,2001-02,12,15,11,2,2
6,2002-03,12,34,27,5,2
6,2003-04,12,34,25,7,2
6,2004-05,11,38,29,8,1
6,2005-06,11,38,29,4,5
6,2006-07,11,38,24,11,3
6,2007-08,11,6,3,2,1
6,2008-09,7,38,25,9,4
6,2009-10,7,38,24,10,4
6,2010-11,1,38,29,5,4
6,2011-12,1,38,32,4,2
6,2012-13,1,38,26,7,5
6,2013-14,11,38,25,7,6
6,2014-15,11,38,26,9,3
6,2015-16,11,16,4,3,9
6,2016-17,8,38,18,15,5
6,2017-18,8,38,25,6,7
6,2018-19,8,17,7,5,5
6,2019-20,33,26,13,6,7
6,2020-21,33,32,14,8,10
6,2021-22,0,38,18,9,11
6,2022-23,0,38,18,9,11
6,2023-24,0,20,8,5,7
7,1993-94,0,27,13,5,9
7,1994-95,0,38,13,13,12
7,1995-96,0,23,2,8,13
7,1996-97,480,9,1,4,4
7,1997-98,0,42,23,10,9
7,1998-99,0,38,9,12,17
7,2000-01,0,42,21,11,10
7,2001-02,25,38,21,12,5
7,2002-03,25,38,17,9,12
7,2003-04,25,38,23,8,7
7,2004-05,4,38,17,7,14
7,2005-06,4,38,25,7,6
7,2006-07,4,38,20,8,10
7,2007-08,4,38,21,13,4
7,2008-09,4,38,25,11,2
7,2009-10,4,38,18,9,11
7,2010-11,7,15,6,5,4
7,2012-13,11,26,15,6,5
7,2013-14,90,38,23,9,6
7,2014-15,90,38,18,9,11
7,2015-16,1,18,11,4,3
7,2015-16,307,10,3,4,3
7,2017-18,307,38,12,8,18
7,2018-19,307,38,12,9,17
7,2021-22,120,19,5,4,10
7,2023-24,190,28,5,9,14
8,2004-05,0,34,12,7,15
8,2005-06,0,34,9,11,14
8,2006-07,0,34,8,10,16
8,2008-09,14,34,15,14,5
8,2009-10,14,34,16,9,9
8,2010-11,14,34,23,6,5
8,2011-12,14,34,25,6,3
8,2012-13,14,34,19,9,6
8,2013-14,14,34,22,5,7
8,2014-15,14,34,13,7,14
8,2015-16,4,30,13,9,8
8,2016-17,4,38,22,10,6
8,2017-18,4,38,21,12,5
8,2018-19,4,38,30,7,1
8,2019-20,4,38,32,3,3
8,2020-21,4,38,20,9,9
8,2021-22,4,38,28,8,2
8,2022-23,4,38,19,10,9
8,2023-24,4,35,23,9,3
9,2005-06,0,14,5,3,6
9,2006-07,0,38,24,9,5
9,2007-08,0,19,8,6,5
9,2007-08,0,19,13,4,2
9,2008-09,0,14,1,7,6
9,2008-09,0,9,4,2,3
9,2009-10,0,31,12,7,12
9,2010-11,0,18,7,3,8
9,2011-12,0,19,7,10,2
9,2011-12,24,22,10,7,5
9,2012-13,24,38,23,7,8
9,2013-14,24,38,28,6,4
9,2014-15,24,38,23,9,6
9,2015-16,24,38,28,4,6
9,2016-17,24,38,23,9,6
9,2017-18,24,38,23,10,5
9,2018-19,24,38,22,10,6
9,2019-20,24,38,18,16,4
9,2020-21,24,38,26,8,4
9,2021-22,24,38,21,8,9
9,2022-23,24,38,23,8,7
9,2023-24,24,34,21,4,9
10,2008-09,199,38,15,8,15
10,2009-10,199,33,11,7,15
10,2010-11,2,38,24,10,4
10,2011-12,2,38,24,8,6
10,2012-13,2,38,21,9,8
10,2013-14,2,19,5,7,7
10,2014-15,9,38,26,9,3
10,2015-16,9,38,29,4,5
10,2016-17,9,38,29,4,5
10,2017-18,9,38,30,5,3
10,2018-19,9,38,28,6,4
10,2021-22,9,38,20,10,8
10,2022-23,9,38,22,6,10
10,2023-24,9,35,18,12,5
11,1991-92,0,28,20,4,4
11,1992-93,0,34,20,9,5
11,1993-94,0,34,26,2,6
11,1994-95,0,34,27,7,0
11,1995-96,0,34,26,5,3
11,1996-97,0,34,17,10,7
11,1997-98,5,38,23,5,10
11,1998-99,5,38,24,7,7
11,1999-00,5,38,19,7,12
11,2002-03,5,19,6,5,8
11,2005-06,0,34,23,5,6
11,2006-07,0,34,21,9,4
11,2007-08,0,34,11,10,13
11,2008-09,0,34,25,5,4
11,2009-10,3,34,20,10,4
11,2010-11,3,29,15,7,7
11,2014-15,8,38,20,10,8
11,2015-16,8,38,19,9,10
12,1991-92,14,38,20,12,6
12,1992-93,14,33,17,5,11
12,1993-94,14,34,15,9,10
12,1994-95,14,34,20,9,5
12,1995-96,14,34,19,11,4
12,1996-97,14,34,19,6,9
12,1998-99,3,34,24,6,4
12,1999-00,3,34,22,7,5
12,2000-01,3,34,19,6,9
12,2001-02,3,34,20,8,6
12,2002-03,3,34,23,6,5
12,2003-04,3,34,20,8,6
12,2006-07,3,15,8,2,5
12,2007-08,3,34,22,10,2
14,1986-87,2,5,2,2,1
14,1991-92,2,34,22,12,0
14,1992-93,2,34,18,14,2
14,1993-94,2,34,19,12,3
14,1994-95,2,34,17,9,8
14,1995-96,2,34,21,10,3
14,1996-97,1,42,27,11,4
14,1997-98,2,34,11,11,12
14,1999-00,0,34,14,12,8
14,2000-01,0,34,22,9,3
14,2001-02,0,34,19,13,2
14,2002-03,0,34,13,10,11
14,2003-04,0,34,21,8,5
14,2004-05,9,38,26,8,4
14,2005-06,9,38,27,10,1
14,2006-07,1,38,23,7,8
15,1973-74,2,6,1,4,1
15,1975-76,2,30,15,8,7
15,1976-77,9,30,23,5,2
15,1977-78,9,30,15,14,1
15,1978-79,9,30,12,13,5
15,1979-80,9,30,16,6,8
15,1980-81,9,30,17,10,3
15,1981-82,9,30,19,8,3
15,1982-83,9,30,15,9,6
15,1983-84,9,30,17,9,4
15,1984-85,9,30,11,14,5
15,1985-86,9,30,18,9,3
15,1986-87,7,30,15,8,7
15,1987-88,7,30,11,10,9
15,1988-89,7,34,26,6,2
15,1989-90,7,34,17,10,7
15,1990-91,7,34,18,10,6
15,1991-92,9,34,18,12,4
15,1992-93,9,34,15,9,10
15,1993-94,9,34,17,13,4
15,1994-95,3,34,15,13,6
15,1995-96,199,21,7,3,11
15,1996-97,3,34,20,11,3
15,1997-98,3,34,19,9,6
15,1998-99,39,34,16,8,10
15,1999-00,39,34,13,12,9
15,2004-05,10,34,19,8,7
15,2005-06,151,20,5,12,3
16,1989-90,0,34,6,16,12
16,1990-91,0,17,2,5,10
16,1992-93,108,34,14,8,12
16,1993-94,90,34,12,12,10
16,1994-95,9,34,23,4,7
16,1995-96,9,34,19,8,7
16,1996-97,9,34,17,14,3
16,1997-98,9,34,21,11,2
16,1998-99,9,20,7,6,7
16,1999-00,7,34,17,7,10
16,2000-01,7,1,0,0,1
16,2001-02,9,34,20,11,3
16,2002-03,9,34,21,9,4
16,2003-04,9,34,21,6,7
17,1997-98,0,34,10,7,17
17,1998-99,42,28,9,7,12
17,1999-00,0,17,4,3,10
17,2000-01,350,11,2,4,5
17,2002-03,350,34,16,8,10
17,2003-04,350,34,13,11,10
17,2004-05,350,38,17,11,10
17,2005-06,0,38,19,12,7
17,2006-07,0,38,22,9,7
17,2007-08,0,38,24,10,4
17,2008-09,0,38,18,9,11
17,2009-10,0,2,0,0,2
17,2015-16,0,19,14,4,1
17,2016-17,0,38,28,3,7
17,2017-18,7,38,20,12,6
17,2018-19,7,38,20,9,9
17,2021-22,90,38,24,7,7
17,2022-23,90,38,28,6,4
19,1999-00,0,16,9,4,3
19,2000-01,0,34,16,11,7
19,2001-02,0,15,7,5,3
19,2001-02,0,19,12,5,2
19,2002-03,0,34,26,5,3
19,2003-04,0,34,25,5,4
19,2004-05,0,22,14,5,3
19,2005-06,10,34,20,7,7
19,2006-07,0,34,23,6,5
19,2007-08,0,9,7,2,0
19,2007-08,25,22,4,6,12
19,2009-10,0,16,8,1,7
19,2011-12,22,34,21,7,6
19,2012-13,22,34,21,6,7
19,2013-14,22,34,20,7,7
19,2014-15,0,38,18,6,14
19,2015-16,0,38,18,9,11
19,2016-17,120,38,17,10,11
19,2017-18,120,9,2,2,5
19,2020-21,5,38,24,7,7
19,2021-22,5,10,4,3,3
20,2000-01,0,17,14,1,2
20,2001-02,0,38,14,15,9
20,2002-03,0,38,24,7,7
20,2003-04,0,38,19,9,10
20,2004-05,47,38,18,11,9
20,2005-06,47,38,14,15,9
20,2006-07,47,38,18,8,12
20,2007-08,47,38,24,5,9
20,2008-09,47,38,18,11,9
20,2009-10,1,38,31,3,4
20,2010-11,125,28,11,6,11
20,2011-12,125,38,17,7,14
20,2012-13,125,38,16,9,13
20,2013-14,15,38,27,5,6
20,2014-15,15,38,24,7,7
20,2015-16,15,38,19,9,10
20,2018-19,0,38,15,7,16
20,2019-20,0,19,5,4,10
20,2020-21,368,38,17,10,11
20,2021-22,368,38,19,8,11
20,2022-23,368,38,17,9,12
20,2023-24,368,34,13,13,8
21,1958-59,1,7,4,1,2
21,1959-60,0,29,11,11,7
21,1959-60,1,1,1,0,0
21,1960-61,1,30,24,4,2
21,1961-62,1,30,19,5,6
21,1962-63,1,30,23,3,4
21,1963-64,1,30,22,2,6
21,1964-65,1,30,21,5,4
21,1965-66,1,30,19,5,6
21,1966-67,1,30,19,9,2
21,1967-68,1,30,16,10,4
21,1968-69,1,30,18,11,1
21,1968-69,0,4,2,1,1
21,1969-70,1,30,13,9,8
21,1970-71,1,30,17,7,6
21,1971-72,1,34,19,9,6
21,1972-73,1,34,17,9,8
21,1973-74,1,18,5,8,5
21,1975-76,0,34,8,10,16
21,1977-78,0,34,12,11,11
21,1978-79,0,34,14,9,11
21,1979-80,80,34,14,6,14
21,1980-81,80,34,14,9,11
21,1981-82,80,14,4,3,7
21,1982-83,0,6,5,1,0
21,1982-83,0,2,0,1,1
21,1983-84,0,14,5,5,4
21,1983-84,0,1,0,1,0
21,1984-85,0,8,4,2,2
21,1985-86,0,11,8,2,1
21,1986-87,0,8,4,2,2
21,1986-87,0,3,0,2,1
21,1987-88,0,12,4,3,5
21,1987-88,0,1,0,1,0
22,1979-80,34,34,12,12,10
22,1980-81,34,34,15,7,12
22,1981-82,34,34,15,10,9
22,1982-83,34,34,12,4,18
22,1983-84,34,34,21,6,7
22,1984-85,34,34,15,9,10
22,1985-86,34,34,15,12,7
22,1986-87,34,34,18,7,9
22,1987-88,3,34,22,4,8
22,1988-89,3,34,19,12,3
22,1989-90,3,34,19,11,4
22,1990-91,3,34,18,9,7
22,1991-92,3,12,4,4,4
22,1992-93,105,38,17,6,15
22,1993-94,105,38,16,11,11
22,1994-95,41,24,7,7,10
22,1995-96,0,42,20,12,10
22,1996-97,0,42,15,11,16
22,1997-98,1,38,17,12,9
22,1999-00,10,34,21,6,7
22,2000-01,10,4,2,1,1
22,2001-02,105,38,14,11,13
22,2002-03,105,38,15,10,13
22,2003-04,55,34,13,11,10
22,2004-05,55,4,1,0,3
22,2006-07,34,19,4,4,11
22,2008-09,3,5,4,1,0
22,2009-10,37,34,15,14,5
22,2010-11,37,34,20,8,6
22,2011-12,3,34,23,4,7
22,2012-13,3,34,29,4,1
22,2017-18,3,27,23,1,3
23,1986-87,0,34,27,5,2
23,1987-88,0,34,27,5,2
23,1988-89,0,34,24,5,5
23,1989-90,0,34,20,8,6
23,1991-92,25,38,20,7,11
23,1992-93,25,38,19,10,9
23,1993-94,25,20,9,6,5
23,1998-99,1,23,11,4,8
23,1999-00,368,13,1,6,6
23,2002-03,0,34,26,6,2
23,2003-04,0,34,23,5,6
23,2004-05,0,34,27,6,1
23,2005-06,0,34,26,6,2
23,2008-09,11,13,11,1,1
23,2015-16,11,21,7,11,3
25,2000-01,39,13,4,4,5
25,2001-02,39,17,4,2,11
25,2002-03,99,34,15,15,4
25,2003-04,99,34,16,8,10
25,2004-05,7,38,18,18,2
25,2005-06,7,38,23,7,8
25,2006-07,7,38,30,7,1
25,2007-08,7,38,25,10,3
25,2009-10,15,21,11,5,5
25,2010-11,15,38,21,8,9
25,2011-12,15,38,28,5,5
25,2012-13,15,36,22,9,5
25,2013-14,50,28,16,7,5
25,2014-15,7,27,10,9,8
25,2015-16,7,38,20,7,11
26,1995-96,0,34,8,9,17
26,1998-99,0,34,11,12,11
26,1999-00,0,34,10,15,9
26,2001-02,0,19,4,5,10
26,2003-04,496,21,7,6,8
26,2004-05,0,7,2,3,2
26,2005-06,0,29,13,6,10
26,2006-07,0,30,15,4,11
26,2007-08,0,30,11,10,9
26,2008-09,308,30,13,11,6
26,2009-10,10,30,24,4,2
26,2010-11,10,30,20,3,7
26,2011-12,10,30,21,6,3
26,2012-13,10,30,24,5,1
26,2013-14,10,30,23,5,2
26,2014-15,10,34,27,4,3
26,2015-16,87,34,27,5,2
26,2016-17,87,34,21,7,6
26,2017-18,87,34,24,6,4
26,2019,0,32,25,5,2
26,2020-21,10,34,23,7,4
26,2021-22,10,15,12,1,2
26,2022-23,88,36,25,5,6
27,2011-12,0,30,8,5,17
28,2000-01,39,20,6,9,5
28,2001-02,2,9,4,3,2
28,2011-12,50,34,23,8,3
28,2012-13,50,34,21,8,5
28,2013-14,50,5,2,3,0
28,2017-18,50,18,14,1,3
28,2018-19,50,34,20,9,5
28,2019-20,50,34,15,11,8
28,2020-21,50,40,26,6,8
28,2021-22,50,20,7,6,7
29,1984-85,0,38,23,9,6
29,1985-86,0,38,16,7,15
29,1986-87,0,44,19,14,11
29,1987-88,0,38,15,7,16
29,1988-89,0,20,5,9,6
29,1989-90,0,38,12,15,11
29,1990-91,0,38,13,16,9
29,1991-92,0,38,14,8,16
29,1992-93,0,19,4,7,8
29,1993-94,0,38,15,8,15
29,1994-95,105,26,9,9,8
29,1995-96,69,28,13,9,6
29,1996-97,69,42,18,9,15
29,1997-98,190,38,17,9,12
29,1998-99,61,38,17,12,9
29,1999-00,61,38,21,6,11
29,2000-01,61,38,22,7,9
29,2001-02,61,38,20,8,10
29,2002-03,61,38,22,6,10
29,2003-04,61,38,21,8,9
29,2004-05,61,38,12,15,11
29,2006-07,368,15,3,4,8
29,2007-08,0,6,1,1,4
30,2009-10,0,34,12,11,11
30,2010-11,0,34,18,4,12
30,2011-12,0,34,9,12,13
30,2012-13,0,34,10,12,12
30,2013-14,0,34,16,5,13
30,2015-16,14,34,24,6,4
30,2016-17,14,34,18,10,6
30,2018-19,0,38,29,4,5
30,2019-20,0,27,22,2,3
30,2020-21,0,17,11,2,4
30,2020-21,11,19,11,5,3
30,2021-22,11,38,21,11,6
30,2022-23,11,6,3,1,2
30,2022-23,3,9,6,1,2
30,2023-24,3,32,22,3,7
32,1987-88,0,38,18,12,8
32,1988-89,0,38,13,10,15
32,1989-90,0,38,11,9,18
32,1993-94,1,11,5,1,5
32,1995-96,1,1,1,0,0
32,1999-00,1,27,13,8,6
32,2000-01,1,38,24,8,6
32,2001-02,1,38,19,9,10
32,2002-03,1,38,22,12,4
32,2008-09,0,15,14,0,1
32,2009-10,0,18,17,0,1
32,2010-11,0,11,8,1,2
32,2011-12,0,17,12,3,2
32,2012-13,0,16,12,3,1
32,2013-14,0,13,9,1,3
32,2014-15,0,10,6,0,4
32,2015-16,0,14,9,2,3
33,1998-99,120,38,11,10,17
33,1999-00,120,38,12,14,12
33,2000-01,120,38,11,9,18
33,2001-02,120,29,7,9,13
34,1978-79,30,7,3,1,3
35,1997-98,354,38,16,12,10
35,1998-99,354,38,20,6,12
35,1999-00,25,38,18,10,10
35,2000-01,25,38,18,9,11
35,2001-02,7,34,20,9,5
35,2002-03,7,34,19,8,7
35,2003-04,7,6,2,3,1
35,2004-05,354,29,9,7,13
35,2005-06,354,23,4,7,12
35,2007-08,368,14,2,5,7
35,2007-08,333,10,2,3,5
35,2011-12,0,13,1,6,6
35,2011-12,0,17,6,7,4
35,2012-13,0,29,6,11,12
36,1969-70,3,10,7,1,2
36,1970-71,3,34,19,10,5
36,1971-72,3,34,24,7,3
36,1972-73,3,34,25,4,5
36,1973-74,3,34,20,9,5
36,1974-75,3,17,7,2,8
36,1975-76,34,34,16,13,5
36,1976-77,34,34,17,10,7
36,1977-78,34,34,20,8,6
36,1978-79,34,34,12,8,14
36,1979-80,14,34,14,8,12
36,1980-81,14,30,12,7,11
36,1981-82,5,34,19,7,8
36,1982-83,5,26,14,8,4
36,1983-84,3,34,20,7,7
36,1984-85,3,34,21,8,5
36,1985-86,3,34,21,7,6
36,1986-87,3,34,20,13,1
36,1991-92,0,1,0,1,0
36,1992-93,55,17,5,6,6
36,1999-00,14,5,2,2,1
37,2004-05,0,21,12,4,5
37,2005-06,0,42,19,12,11
37,2006-07,520,42,24,8,10
37,2007-08,520,38,14,10,14
37,2008-09,25,38,18,8,12
37,2009-10,25,38,21,8,9
37,2010-11,25,38,21,8,9
37,2011-12,25,38,17,10,11
37,2012-13,80,19,8,4,7
37,2013-14,80,38,18,9,11
37,2014-15,80,38,23,7,8
37,2015-16,80,38,14,10,14
37,2016-17,0,38,27,6,5
37,2017-18,0,38,29,6,3
37,2018-19,31,38,21,7,10
37,2019-20,31,13,4,6,3
37,2020-21,47,38,15,13,10
37,2021-22,47,38,16,11,11
37,2022-23,47,11,5,3,3
37,2022-23,23,25,15,4,6
37,2023-24,23,36,20,7,9
38,2014-15,37,34,17,10,7
38,2015-16,37,34,18,6,10
38,2016-17,37,23,9,3,11
38,2020-21,0,34,21,9,4
38,2021-22,0,34,26,3,5
38,2022-23,10,34,28,3,3
38,2023-24,10,31,24,4,3
39,2014-15,0,38,16,10,12
39,2015-16,0,19,10,7,2
39,2015-16,1,20,17,2,1
39,2016-17,1,38,29,6,3
39,2017-18,1,38,22,10,6
39,2018-19,1,11,5,2,4
39,2019-20,1,38,26,9,3
39,2020-21,1,38,25,9,4
40,1998-99,28,14,10,3,1
40,1999-00,28,34,20,5,9
40,2000-01,28,34,12,7,15
40,2002-03,154,38,10,12,16
40,2003-04,154,38,14,9,15
40,2004-05,154,38,18,13,7
40,2005-06,154,38,16,14,8
40,2006-07,154,38,13,11,14
40,2007-08,154,38,13,18,7
40,2008-09,46,38,20,11,7
40,2009-10,46,38,20,12,6
40,2010-11,46,38,17,13,8
40,2012-13,0,38,18,10,10
40,2013-14,0,38,12,6,20
40,2014-15,0,38,13,9,16
40,2015-16,0,38,18,9,11
40,2016-17,0,38,12,10,16
40,2017-18,126,29,10,8,11
40,2018-19,126,27,9,5,13
40,2019-20,35,20,6,4,10
40,2020-21,35,38,12,10,16
40,2021-22,35,17,2,6,9
41,1980-81,0,20,10,3,7
41,1980-81,0,6,2,2,2
41,1981-82,0,34,13,8,13
41,1982-83,0,34,17,6,11
41,1983-84,0,34,12,11,11
41,1984-85,0,34,9,7,18
41,1986-87,1,44,27,12,5
41,1987-88,1,38,28,6,4
41,1988-89,1,38,25,12,1
41,1989-90,0,34,19,11,4
41,1990-91,0,34,22,9,3
41,1991-92,0,6,5,1,0
41,1991-92,1,19,9,5,5
41,1996-97,0,20,9,6,5
41,1997-98,22,21,11,5,5
41,1998-99,22,34,25,5,4
41,1999-00,22,29,15,8,6
42,2011-12,0,17,6,7,4
42,2012-13,0,13,3,5,5
42,2012-13,0,5,2,1,2
42,2013-14,0,30,9,10,11
42,2014-15,308,34,17,7,10
42,2015-16,496,29,8,10,11
42,2016-17,66,22,11,5,6
42,2017-18,12,34,28,4,2
42,2018-19,12,34,27,4,3
42,2019-20,12,34,26,4,4
42,2020-21,12,34,24,8,2
42,2021-22,12,34,29,4,1
42,2022-23,12,34,27,4,3
42,2023-24,12,31,19,6,6
43,1990-91,199,34,6,17,11
43,1991-92,90,34,15,12,7
43,1992-93,90,9,2,2,5
43,1994-95,39,34,12,11,11
43,1995-96,39,34,17,8,9
43,1996-97,39,34,10,15,9
43,1997-98,25,35,16,7,12
43,1998-99,25,38,19,8,11
43,1999-00,24,26,8,6,12
43,2000-01,11,32,16,7,9
43,2001-02,11,38,17,13,8
43,2002-03,11,38,19,10,9
43,2003-04,11,38,24,7,7
43,2004-05,25,24,10,8,6
43,2006-07,333,16,7,6,3
43,2007-08,9,38,20,12,6
43,2008-09,9,36,19,11,6
43,2009-10,0,36,24,8,4
43,2010-11,0,25,11,6,8
43,2011-12,7,26,12,4,10
43,2013-14,28,38,23,11,4
43,2015-16,126,38,23,12,3
43,2016-17,126,25,5,6,14
43,2017-18,66,38,14,10,14
43,2018-19,0,16,3,3,10
43,2018-19,0,12,6,4,2
43,2019-20,42,31,11,6,14
43,2020-21,42,38,15,7,16
43,2021-22,0,13,2,1,10
43,2023-24,199,35,7,12,16
45,1997-98,33,23,8,7,8
45,1998-99,33,3,1,0,2
45,2009-10,151,19,13,4,2
45,2010-11,151,7,1,0,6
45,2020-21,55,10,1,2,7
46,2001-02,28,34,9,12,13
46,2002-03,28,38,19,10,9
46,2003-04,28,38,21,12,5
46,2004-05,28,38,15,18,5
46,2005-06,28,7,2,1,4
46,2009-10,17,38,23,9,6
46,2010-11,17,38,18,14,6
46,2011-12,17,38,12,12,14
47,2015-16,0,34,15,8,11
47,2016-17,0,34,18,8,8
47,2017-18,0,17,8,4,5
47,2017-18,0,16,12,2,2
47,2018-19,0,34,28,2,4
47,2019-20,0,25,18,2,5
47,2020-21,0,34,28,4,2
47,2021-22,0,34,26,5,3
47,2022-23,8,38,23,6,9
47,2023-24,8,34,15,6,13
48,1982-83,10,30,22,7,1
48,1983-84,10,30,24,4,2
48,1984-85,0,30,10,14,6
48,1985-86,0,30,19,3,8
48,1986-87,0,30,12,9,9
48,1987-88,39,30,9,10,11
48,1988-89,39,34,12,10,12
48,1989-90,10,34,23,9,2
48,1990-91,10,38,32,5,1
48,1991-92,10,34,17,12,5
48,1992-93,42,34,12,12,10
48,1993-94,42,34,18,8,8
48,1994-95,42,34,13,11,10
48,1995-96,42,34,14,10,10
48,1996-97,42,34,14,11,9
48,1997-98,99,34,16,8,10
48,1998-99,99,34,20,9,5
48,1999-00,99,34,21,9,4
48,2000-01,99,13,6,3,4
48,2007-08,15,38,15,10,13
49,1998-99,93,4,3,0,1
49,1999-00,93,34,13,8,13
49,2000-01,93,34,15,8,11
49,2001-02,93,34,17,5,12
49,2002-03,93,34,16,4,14
49,2003-04,93,34,22,8,4
49,2004-05,93,34,18,5,11
49,2005-06,93,34,21,7,6
49,2006-07,93,34,20,6,8
49,2007-08,93,34,20,6,8
49,2008-09,93,34,12,9,13
49,2009-10,93,34,17,10,7
49,2010-11,93,34,10,11,13
49,2011-12,93,34,11,9,14
49,2012-13,93,33,8,10,15
49,2014-15,41,34,11,10,13
49,2015-16,0,11,1,0,10
49,2020-21,93,1,0,0,1
50,2007-08,60,38,22,9,7
50,2008-09,60,38,24,8,6
50,2009-10,60,38,19,7,12
50,2013-14,0,38,27,8,3
50,2014-15,0,38,24,11,3
50,2015-16,0,38,30,6,2
50,2022-23,46,28,14,6,8
50,2023-24,46,4,0,1,3
51,2002-03,0,38,19,9,10
51,2003-04,105,38,15,11,12
51,2004-05,105,38,14,9,15
51,2006-07,0,38,12,13,13
51,2007-08,0,38,13,9,16
51,2009-10,47,20,7,5,8
51,2012-13,25,24,14,5,5
51,2013-14,105,38,20,10,8
51,2014-15,105,38,15,10,13
51,2015-16,105,38,18,8,12
51,2016-17,105,38,19,6,13
51,2017-18,5,38,28,9,1
51,2018-19,5,38,26,9,3
51,2019-20,5,19,12,4,3
51,2022-23,105,38,14,9,15
51,2023-24,105,34,17,10,7
52,2008-09,0,19,9,5,5
52,2009-10,0,38,11,11,16
52,2010-11,0,38,15,4,19
52,2011-12,0,38,12,10,16
52,2012-13,0,13,2,3,8
52,2012-13,0,16,4,7,5
52,2013-14,0,38,15,11,12
52,2014-15,33,38,19,7,12
52,2015-16,33,38,19,13,6
52,2016-17,33,38,26,8,4
52,2017-18,33,38,23,8,7
52,2018-19,33,38,23,2,13
52,2019-20,33,12,3,5,4
52,2020-21,0,21,15,2,4
52,2021-22,0,38,26,8,4
52,2023-24,11,33,14,9,10
53,1973-74,80,15,5,5,5
53,1981-82,19,34,18,12,4
53,1982-83,19,34,20,12,2
53,1983-84,19,34,21,6,7
53,1984-85,19,34,14,9,11
53,1985-86,19,34,17,5,12
53,1986-87,19,34,19,9,6
54,1999-00,0,34,27,3,4
54,2000-01,0,34,25,8,1
54,2001-02,0,34,20,8,6
54,2002-03,124,31,10,9,12
54,2003-04,124,18,5,3,10
54,2003-04,122,7,3,2,2
54,2004-05,122,34,15,3,16
54,2006-07,50,34,15,11,8
54,2007-08,17,29,16,7,6
54,2008-09,17,38,22,11,5
55,2015-16,464,14,7,2,5
55,2016-17,464,34,16,14,4
55,2017-18,464,34,15,10,9
55,2018-19,464,34,13,12,9
55,2019-20,0,34,18,12,4
55,2020-21,0,34,19,8,7
55,2021-22,3,34,24,5,5
55,2022-23,3,25,15,7,3
56,2010-11,0,21,5,10,6
56,2011-12,308,30,19,5,6
56,2013-14,87,30,20,7,3
56,2014-15,28,38,20,11,7
56,2015-16,28,38,17,14,7
56,2016-17,28,38,30,5,3
56,2017-18,28,38,24,8,6
56,2018-19,28,26,6,9,11
56,2019-20,28,18,8,4,6
57,2018-19,0,34,14,11,9
57,2019-20,0,15,7,2,6
58,1985-86,0,22,5,8,9
58,1987-88,12,38,29,8,1
58,1990-91,24,37,17,12,8
58,1992-93,10,10,5,2,3
58,1993-94,12,17,9,6,2
58,2000-01,17,5,2,1,2
58,2001-02,17,11,4,5,2
59,1984-85,0,7,1,0,6
59,1990-91,0,15,4,5,6
59,2000-01,0,34,12,7,15
59,2001-02,10,18,10,5,3
59,2002-03,10,11,6,2,3
59,2002-03,308,6,1,3,2
59,2003-04,308,34,15,9,10
59,2004-05,308,34,16,10,8
59,2005-06,308,34,17,7,10
59,2006-07,12,30,22,3,5
59,2007-08,12,30,24,3,3
59,2008-09,12,30,21,7,2
59,2009-10,12,30,21,5,4
59,2010-11,125,9,2,1,6
59,2012-13,87,17,9,3,5
59,2013-14,308,20,8,3,9
59,2020-21,320,25,7,7,11
60,2011-12,0,38,12,11,15
60,2012-13,4,38,16,13,9
60,2013-14,4,38,26,6,6
60,2014-15,4,38,18,8,12
60,2015-16,4,8,3,3,2
60,2018-19,126,10,5,2,3
60,2019-20,126,38,18,8,12
60,2020-21,126,38,20,6,12
60,2021-22,126,38,14,10,14
60,2022-23,126,28,7,4,17
61,2008-09,420,34,17,9,8
61,2009-10,420,5,1,1,3
61,2010-11,261,8,1,5,2
61,2011-12,0,30,17,5,8
61,2012-13,0,11,4,4,3
61,2013-14,0,9,2,1,6
61,2018-19,0,9,2,1,6
62,2001-02,132,34,4,12,18
62,2003-04,5,38,21,9,8
62,2004-05,5,38,25,9,4
62,2005-06,5,38,25,7,6
62,2006-07,5,38,22,10,6
62,2007-08,5,38,19,10,9
62,2009-10,50,34,19,7,8
62,2010-11,50,9,4,1,4
63,1974-75,4,42,20,11,11
63,1975-76,4,42,23,14,5
63,1976-77,4,42,23,11,8
63,1977-78,4,42,24,9,9
63,1978-79,4,42,30,8,4
63,1979-80,4,42,25,10,7
63,1980-81,4,42,17,17,8
63,1981-82,4,42,26,9,7
63,1982-83,4,42,24,10,8
64,1948-49,0,26,10,2,14
64,1949-50,24,26,15,3,8
64,1950-51,24,30,17,6,7
64,1951-52,24,30,16,5,9
64,1952-53,24,17,6,3,8
64,1952-53,0,12,5,1,6
64,1952-53,61,0,0,0,0
64,1953-54,80,30,15,2,13
64,1954-55,80,30,15,4,11
64,1955-56,80,30,17,2,11
64,1956-57,80,30,17,5,8
64,1957-58,5,2,1,0,1
64,1958-59,5,30,24,3,3
64,1958-59,0,1,1,0,0
64,1958-59,0,1,1,0,0
64,1959-60,5,30,22,2,6
64,1959-60,0,5,4,0,1
64,1960-61,7,34,18,8,8
64,1961-62,7,34,19,10,5
64,1961-62,0,3,1,0,2
64,1962-63,7,34,19,11,4
64,1963-64,7,34,23,8,3
64,1964-65,7,34,22,10,2
64,1965-66,7,34,20,10,4
64,1966-67,7,34,19,10,5
64,1967-68,7,30,13,7,10
64,1968-69,0,30,10,10,10
64,1969-70,0,30,8,12,10
64,1970-71,0,24,5,15,4
64,1971-72,0,30,13,9,8
64,1972-73,0,24,6,8,10
64,1973-74,7,16,6,6,4
64,1979-80,5,11,6,4,1
64,1980-81,5,25,14,5,6
65,1995-96,19,26,12,8,6
65,1996-97,19,32,9,10,13
65,1998-99,93,22,6,7,9
65,1999-00,41,17,9,3,5
65,2000-01,41,19,6,2,11
65,2000-01,151,12,4,5,3
65,2001-02,151,34,13,11,10
65,2002-03,151,34,17,8,9
65,2003-04,151,34,18,10,6
65,2004-05,3,34,24,5,5
65,2005-06,3,34,22,9,3
65,2006-07,3,19,10,4,5
65,2007-08,122,34,15,9,10
65,2008-09,122,34,21,6,7
65,2009-10,55,34,19,8,7
65,2010-11,55,26,9,6,11
65,2010-11,122,8,3,3,2
65,2011-12,122,34,13,5,16
65,2012-13,122,8,1,2,5
65,2013-14,0,12,3,3,6
65,2021-22,365,8,3,1,4
66,2008-09,5,38,15,15,8
66,2009-10,5,38,22,10,6
66,2010-11,5,42,20,11,11
66,2011-12,0,38,16,8,14
66,2013-14,190,38,14,7,17
66,2014-15,5,38,30,4,4
66,2015-16,5,38,29,4,5
66,2016-17,5,38,28,6,4
66,2018-19,0,7,5,0,2
66,2020-21,0,18,7,10,1
66,2021-22,0,13,9,2,2
66,2022-23,0,7,3,2,2
66,2023-24,0,31,20,10,1
68,2003-04,0,10,2,2,6
68,2008-09,0,38,18,9,11
68,2010-11,0,3,2,1,0
68,2010-11,0,8,6,1,1
68,2011-12,0,4,2,2,0
68,2011-12,0,11,8,3,0
68,2012-13,0,13,11,2,0
68,2012-13,0,6,5,0,1
68,2013-14,0,7,7,0,0
68,2014-15,12,34,25,7,2
68,2015-16,12,16,11,4,1
68,2016-17,0,10,7,3,0
68,2017-18,0,10,7,3,0
68,2018-19,1,10,4,2,4
68,2019-20,80,38,19,13,6
68,2020-21,80,38,24,5,9
68,2021-22,80,38,18,16,4
68,2022-23,80,7,1,2,4
68,2022-23,109,23,9,4,10
71,2000-01,35,12,2,4,6
71,2007-08,0,38,14,11,13
71,2008-09,154,38,17,13,8
71,2009-10,154,38,21,7,10
71,2010-11,154,38,21,13,4
71,2011-12,154,38,21,11,6
71,2012-13,154,38,16,14,8
71,2013-14,0,38,26,7,5
71,2014-15,0,38,19,13,6
71,2015-16,0,19,9,7,3
71,2016-17,17,29,14,8,7
71,2017-18,17,38,22,11,5
71,2018-19,17,38,18,7,13
71,2019-20,46,19,9,4,6
71,2020-21,46,38,22,10,6
71,2023-24,90,12,6,3,3
72,2009-10,108,13,3,4,6
72,2011-12,9,38,23,15,0
72,2012-13,9,23,16,4,3
72,2013-14,9,38,33,3,2
72,2016-17,11,38,30,3,5
72,2017-18,11,38,21,7,10
72,2019-20,7,38,24,10,4
72,2020-21,7,38,28,7,3
72,2021-22,33,28,17,5,6
72,2022-23,33,28,15,4,9
73,1985-86,0,34,25,2,7
73,1986-87,0,34,25,3,6
73,1987-88,0,18,12,2,4
73,1988-89,5,38,23,11,4
73,1989-90,5,38,23,5,10
73,1990-91,5,32,21,6,5
73,1991-92,5,38,23,9,6
73,1992-93,5,38,25,8,5
73,1993-94,5,38,25,6,7
73,1994-95,5,38,18,10,10
73,1995-96,5,40,21,13,6
74,1974-75,194,42,23,5,14
74,1975-76,194,42,16,14,12
74,1976-77,194,42,22,8,12
74,1977-78,194,42,11,13,18
74,1978-79,194,42,20,9,13
74,1979-80,194,42,22,9,11
74,1980-81,194,42,23,10,9
74,1981-82,194,42,26,5,11
74,1990-91,0,34,23,7,4
74,1991-92,0,34,25,8,1
74,1992-93,87,34,17,11,6
74,1993-94,87,11,8,1,2
74,1993-94,12,17,12,4,1
74,1994-95,12,34,29,4,1
74,1995-96,12,27,20,5,2
74,1996-97,5,42,28,6,8
74,1998-99,0,34,17,10,7
74,1999-00,307,32,14,9,9
74,2000-01,307,38,14,9,15
74,2001-02,307,38,21,8,9
74,2002-03,307,38,21,6,11
74,2003-04,307,38,13,17,8
74,2004-05,307,4,0,2,2
75,1986-87,0,27,12,8,7
75,1987-88,0,34,18,12,4
75,1988-89,0,34,18,9,7
75,1989-90,0,34,17,9,8
75,1990-91,151,20,11,6,3
75,1991-92,151,38,21,10,7
75,1992-93,151,34,12,12,10
75,1993-94,151,20,5,8,7
75,1996-97,37,34,21,6,7
75,1997-98,37,34,14,13,7
75,1998-99,37,34,17,12,5
75,1999-00,37,34,21,10,3
75,2000-01,37,8,3,3,2
75,2008-09,0,34,11,6,17
75,2009-10,88,34,23,5,6
75,2010-11,41,7,0,3,4
75,2011-12,38,17,13,0,4
75,2013-14,484,26,9,7,10
77,1987-88,0,34,14,6,14
77,1988-89,0,34,11,11,12
77,1990-91,0,34,8,8,18
77,1991-92,0,1,0,0,1
77,1994-95,0,18,12,2,4
77,1995-96,0,34,24,5,5
77,1996-97,0,34,24,5,5
77,1997-98,0,34,21,9,4
77,2004-05,34,18,4,6,8
77,2009-10,0,18,11,4,3
77,2012-13,0,34,22,3,9
77,2013-14,0,25,9,7,9
77,2014-15,0,9,3,3,3
77,2015-16,0,8,0,3,5
77,2016-17,88,34,18,10,6
77,2017-18,132,17,5,1,11
77,2018-19,0,29,14,6,9
77,2019-20,22,14,11,3,0
77,2020-21,22,34,16,11,7
78,2015-16,99,7,4,0,3
78,2016-17,99,38,21,7,10
78,2017-18,99,38,21,9,8
78,2018-19,99,38,17,8,13
78,2019-20,99,38,24,6,8
78,2020-21,99,38,21,5,12
78,2021-22,7,38,25,9,4
78,2022-23,7,38,23,3,12
78,2023-24,7,35,28,5,2
80,2010-11,536,30,10,11,9
80,2011-12,536,3,1,1,1
80,2011-12,496,28,14,3,11
80,2012-13,496,30,11,7,12
80,2013-14,496,30,10,5,15
80,2014-15,496,34,15,10,9
80,2015-16,10,34,29,1,4
80,2016-17,10,34,25,7,2
80,2017-18,10,34,25,6,3
80,2018-19,10,15,10,2,3
81,2019-20,34,34,20,5,9
81,2020-21,34,34,13,10,11
81,2021-22,14,34,22,3,9
81,2022-23,0,29,19,4,6
81,2023-24,0,32,19,6,7
82,1971-72,5,34,17,9,8
82,1972-73,5,34,18,10,6
82,1973-74,5,34,21,8,5
82,1974-75,5,34,15,7,12
82,1976-77,5,34,18,9,7
82,1977-78,5,34,16,9,9
82,1980-81,0,25,10,7,8
82,1981-82,0,34,18,9,7
82,1982-83,0,34,17,9,8
82,1983-84,0,2,0,0,2
82,1988-89,37,25,7,10,8
83,1978-79,0,33,12,5,16
83,1979-80,1,34,22,9,3
83,1980-81,1,34,20,5,9
83,1981-82,1,30,16,7,7
83,1982-83,0,34,9,15,10
83,1983-84,0,34,11,8,15
83,1984-85,0,23,4,12,7
83,1986-87,42,30,13,9,8
83,1987-88,42,30,13,11,6
83,1988-89,42,34,14,11,9
83,1989-90,42,34,16,11,7
83,1990-91,42,34,20,11,3
83,1991-92,42,34,11,16,7
83,1992-93,0,34,8,17,9
83,1994-95,90,28,12,10,6
83,1995-96,90,34,10,11,13
83,1997-98,42,26,10,7,9
83,1998-99,0,14,5,2,7
86,1992-93,0,13,5,4,4
86,1993-94,0,34,15,8,11
86,1994-95,0,34,22,10,2
86,1995-96,0,34,15,12,7
86,1996-97,0,8,3,4,1
86,1996-97,55,25,9,6,10
86,1997-98,55,34,13,13,8
86,1998-99,55,34,10,11,13
86,1999-00,55,34,8,15,11
86,2000-01,55,34,18,8,8
86,2001-02,55,33,17,7,9
86,2002-03,365,34,16,6,12
86,2003-04,365,13,2,5,6
86,2005-06,0,34,15,5,14
86,2006-07,0,22,9,5,8
86,2006-07,19,15,9,3,3
86,2007-08,19,34,14,12,8
86,2008-09,0,19,9,5,5
86,2011-12,55,27,16,4,7
86,2012-13,55,17,7,4,6
86,2013-14,151,10,3,3,4
86,2014-15,151,22,7,6,9
86,2015-16,464,10,1,5,4
86,2018-19,55,9,2,4,3
86,2020-21,55,1,0,0,1
87,1998-99,4,38,15,9,14
87,1999-00,4,38,19,10,9
87,2000-01,4,38,20,9,9
87,2001-02,4,14,10,1,3
87,2002-03,4,38,18,10,10
87,2003-04,4,38,16,12,10
87,2005-06,46,38,25,9,4
87,2006-07,46,38,24,9,5
87,2010-11,23,28,8,9,11
92,1974-75,1,34,20,10,4
92,1975-76,1,34,20,8,6
92,1976-77,1,34,12,10,12
92,1977-78,1,1,0,0,1
92,1982-83,25,18,5,3,10
94,2009-10,0,23,8,6,9
94,2010-11,12,30,27,3,0
94,2011-12,11,27,13,7,7
94,2012-13,33,38,21,9,8
94,2013-14,33,16,8,3,5
94,2019-20,17,28,16,8,4
94,2020-21,17,20,9,5,6
95,1991-92,0,34,10,10,14
95,1992-93,0,34,9,12,13
95,1993-94,0,22,2,7,13
95,1994-95,0,23,4,10,9
95,1995-96,0,34,7,14,13
95,1996-97,0,34,12,11,11
95,1997-98,0,34,14,8,12
95,1998-99,12,34,24,7,3
95,1999-00,12,34,22,7,5
95,2000-01,12,34,24,4,6
95,2003-04,87,34,23,4,7
95,2006-07,10,30,20,7,3
95,2007-08,10,1,0,1,0
95,2023-24,94,13,4,4,5
96,2007-08,365,34,12,8,14
96,2008-09,365,34,19,6,9
96,2009-10,365,7,1,0,6
96,2010-11,34,12,6,2,4
96,2011-12,34,34,17,9,8
96,2012-13,34,34,12,11,11
96,2013-14,34,34,16,7,11
96,2014-15,34,34,19,9,6
96,2015-16,34,5,0,0,5
96,2016-17,0,38,22,12,4
96,2017-18,0,38,15,9,14
96,2018-19,14,34,23,7,4
96,2019-20,14,34,21,6,7
96,2020-21,14,11,6,1,4
96,2022-23,0,17,5,6,6
98,2014-15,0,38,8,18,12
98,2015-16,90,38,25,7,6
98,2016-17,90,38,26,8,4
98,2017-18,90,38,28,7,3
98,2018-19,11,38,21,9,8
98,2019-20,9,38,26,5,7
98,2021-22,99,38,18,10,10
98,2022-23,99,38,22,8,8
98,2023-24,99,28,12,4,12
99,2022-23,160,8,4,0,4
99,2023-24,160,8,4,0,4
99,2023-24,470,20,6,5,9
101,2009-10,160,13,5,3,5
101,2010-11,535,18,5,6,7
101,2018-19,0,2,0,0,2
102,1981-82,0,9,2,3,4
102,1981-82,0,20,9,7,4
102,1982-83,0,30,11,7,12
102,1984-85,12,30,26,3,1
102,1985-86,12,30,22,5,3
102,1986-87,12,30,20,6,4
102,1988-89,12,26,15,8,3
102,1989-90,12,34,27,5,2
102,1990-91,12,38,31,5,2
102,1994-95,10,34,21,5,8
102,1995-96,10,3,1,2,0
102,1997-98,0,14,3,5,6
102,1998-99,0,8,5,2,1
102,1998-99,0,17,4,6,7
102,2002-03,0,20,6,8,6
102,2003-04,0,2,1,0,1
103,1974-75,30,6,1,2,3
103,1977-78,13,42,25,14,3
103,1978-79,13,42,21,18,3
103,1979-80,13,42,20,8,14
103,1980-81,13,42,19,12,11
103,1981-82,13,42,15,12,15
103,1982-83,13,42,20,9,13
103,1983-84,13,42,22,8,12
103,1984-85,13,42,19,7,16
103,1985-86,13,42,19,11,12
103,1986-87,13,42,18,11,13
103,1987-88,13,40,20,13,7
103,1988-89,13,38,17,13,8
103,1989-90,13,38,15,9,14
103,1990-91,13,38,14,12,12
103,1991-92,13,42,16,11,15
103,1992-93,13,42,10,10,22
104,1995-96,350,34,11,8,15
104,1996-97,350,34,15,9,10
104,1997-98,350,34,19,7,8
104,1998-99,2,34,20,10,4
104,1999-00,2,34,16,13,5
104,2000-01,2,22,7,9,6
104,2001-02,99,31,14,8,9
104,2003-04,7,28,15,5,8
104,2006-07,206,24,5,7,12
104,2009-10,9,17,6,4,7
106,2010-11,0,17,13,2,2
106,2011-12,0,34,23,7,4
106,2012-13,0,34,22,10,2
106,2013-14,0,34,20,11,3
106,2014-15,0,34,21,8,5
106,2015-16,0,34,25,7,2
106,2016-17,7,11,4,2,5
106,2017-18,0,4,0,0,4
107,2002-03,0,34,6,5,23
107,2005-06,0,34,11,6,17
107,2010-11,0,34,14,7,13
107,2011-12,0,34,11,7,16
107,2012-13,0,34,9,11,14
107,2013-14,0,34,15,10,9
107,2014-15,0,34,16,10,8
107,2015-16,0,17,8,4,5
107,2016-17,0,34,25,6,3
107,2017-18,14,15,6,4,5
107,2018-19,37,17,11,1,5
107,2019-20,37,34,19,6,9
107,2020-21,37,26,11,7,8
107,2021-22,46,38,17,11,10
107,2022-23,46,10,4,2,4
107,2023-24,0,32,28,3,1
108,1993-94,41,30,13,7,10
108,1994-95,0,22,7,3,12
108,1996-97,0,34,14,11,9
108,1997-98,0,34,11,8,15
108,1998-99,0,34,7,8,19
108,2001-02,37,34,21,6,7
108,2002-03,37,21,5,5,11
108,2003-04,19,25,12,5,8
108,2004-05,19,8,2,0,6
109,1996-97,0,26,8,8,10
109,1997-98,0,38,12,16,10
109,1998-99,0,38,11,9,18
109,1999-00,0,38,12,8,18
109,2000-01,0,38,8,10,20
109,2001-02,0,30,10,9,11
109,2002-03,0,38,13,13,12
109,2003-04,0,25,8,7,10
110,1985-86,151,24,9,6,9
112,2006-07,333,22,3,6,13
112,2010-11,509,38,11,13,14
112,2011-12,263,33,13,11,9
112,2012-13,263,38,11,11,16
112,2013-14,263,18,3,6,9
112,2014-15,99,38,21,6,11
112,2015-16,99,31,11,9,11
112,2016-17,7,23,12,3,8
112,2017-18,39,38,16,9,13
112,2018-19,39,31,8,15,8
112,2019-20,2,31,16,9,6
112,2020-21,2,38,24,7,7
112,2021-22,2,38,26,8,4
112,2022-23,2,38,20,10,8
112,2023-24,2,35,21,8,6
113,2010-11,261,7,0,1,6
114,2010-11,0,26,9,7,10
114,2011-12,0,30,14,8,8
114,2012-13,0,30,9,11,10
114,2013-14,0,30,11,8,11
114,2014-15,0,34,10,13,11
114,2015-16,0,34,14,8,12
114,2016-17,496,34,18,8,8
114,2017-18,496,23,9,2,12
115,1996-97,126,38,12,11,15
115,1997-98,126,38,13,14,11
115,1998-99,126,38,12,13,13
115,1999-00,126,38,16,7,15
115,2006-07,23,38,11,17,10
115,2007-08,23,38,16,12,10
115,2008-09,23,38,17,11,10
115,2009-10,23,38,17,13,8
115,2011-12,0,24,9,7,8
115,2012-13,0,31,7,10,14
117,1998-99,485,34,17,8,9
117,1999-00,485,34,12,7,15
117,2000-01,485,34,15,5,14
117,2002-03,46,38,19,11,8
117,2003-04,46,38,24,7,7
117,2004-05,46,38,22,13,3
117,2006-07,0,20,8,5,7
117,2007-08,0,38,10,13,15
117,2008-09,0,38,19,7,12
117,2017-18,484,28,9,6,13
119,1984-85,496,30,9,7,14
120,1987-88,10,12,7,2,3
121,1994-95,0,38,20,7,11
121,1995-96,0,38,19,11,8
121,1996-97,105,42,16,16,10
121,1997-98,105,38,17,14,7
121,1998-99,105,38,17,9,12
121,1999-00,105,38,12,14,12
121,2000-01,0,16,5,4,7
121,2001-02,0,34,15,13,6
121,2002-03,0,38,14,12,12
121,2003-04,0,28,12,2,14
121,2006-07,368,22,4,12,6
123,1981-82,0,42,21,6,15
123,1982-83,0,42,10,11,21
123,1984-85,87,28,18,9,1
123,1985-86,69,34,17,5,12
123,1986-87,69,44,19,9,16
123,1987-88,69,38,22,7,9
123,1988-89,69,30,9,11,10
123,1989-90,1,38,26,10,2
123,1990-91,1,11,5,3,3
123,1991-92,69,38,16,12,10
123,1992-93,69,38,13,8,17
123,1993-94,69,38,12,12,14
123,1994-95,69,11,2,3,6
123,1995-96,61,42,16,13,13
123,1996-97,61,23,10,10,3
123,1998-99,1,15,10,1,4
123,1999-00,1,11,3,6,2
123,2000-01,35,12,5,2,5
123,2000-01,69,22,8,7,7
123,2001-02,69,29,8,6,15
123,2003-04,0,18,4,1,13
124,2009-10,160,20,10,6,4
124,2010-11,160,34,25,7,2
124,2011-12,160,34,15,11,8
124,2012-13,160,19,6,6,7
124,2014-15,484,34,16,9,9
124,2015-16,94,34,25,4,5
124,2016-17,94,34,23,8,3
124,2017-18,94,34,21,8,5
124,2018-19,94,34,19,8,7
124,2022-23,94,25,18,5,2
124,2023-24,94,7,4,1,2
126,1957-58,1,30,20,5,5
126,1958-59,1,23,17,4,2
126,1959-60,39,34,20,7,7
126,1960-61,0,28,8,11,9
126,1961-62,0,34,18,8,8
126,1962-63,0,6,2,2,2
126,1963-64,2,23,13,7,3
126,1964-65,61,21,4,3,14
126,1965-66,263,29,17,7,5
126,1966-67,263,34,18,9,7
126,1967-68,263,13,4,4,5
126,1969-70,9,6,1,2,3
127,2007-08,0,38,13,9,16
127,2008-09,0,38,19,11,8
127,2009-10,0,38,14,9,15
127,2010-11,0,10,3,2,5
127,2011-12,7,3,0,1,2
127,2012-13,0,22,3,8,11
127,2013-14,0,32,10,10,12
127,2014-15,0,38,16,11,11
127,2015-16,0,38,13,7,18
127,2016-17,108,38,21,9,8
127,2017-18,108,38,16,12,10
127,2018-19,108,38,20,9,9
127,2019-20,108,38,23,9,6
127,2020-21,108,38,23,9,6
127,2021-22,108,38,16,11,11
127,2022-23,108,38,19,7,12
127,2023-24,108,34,18,6,10
128,1992-93,536,18,6,6,6
128,1993-94,536,7,1,2,4
128,1995-96,496,16,12,1,3
128,1996-97,496,34,15,8,11
128,1997-98,496,8,5,1,2
128,1997-98,320,22,13,4,5
128,1998-99,320,34,20,11,3
128,1999-00,320,34,16,7,11
128,2000-01,320,34,23,8,3
128,2001-02,320,34,21,7,6
128,2002-03,320,34,10,13,11
128,2003-04,354,5,1,1,3
128,2003-04,320,9,3,1,5
128,2004-05,320,31,13,10,8
128,2005-06,496,12,3,1,8
128,2006-07,320,23,6,10,7
128,2007-08,320,30,8,12,10
128,2008-09,0,23,4,7,12
129,2005-06,87,27,18,6,3
129,2006-07,87,30,20,8,2
129,2007-08,87,30,16,7,7
129,2008-09,87,30,20,6,4
129,2009-10,87,9,3,4,2
129,2016,0,16,4,3,9
130,2012-13,38,1,0,0,1
130,2013-14,38,2,2,0,0
130,2017-18,180,19,7,4,8
130,2017-18,0,11,6,2,3
130,2018-19,0,30,18,9,3
130,2019-20,38,29,21,7,1
130,2020-21,38,34,24,4,6
130,2021-22,38,21,11,7,3
130,2021-22,28,19,12,4,3
130,2022-23,28,38,19,8,11
131,1973-74,0,6,2,2,2
131,1974-75,0,34,17,4,13
131,1975-76,0,17,4,4,9
131,1975-76,93,13,4,5,4
131,1976-77,14,34,12,10,12
131,1977-78,14,34,14,5,15
131,1978-79,0,26,8,6,12
131,1979-80,0,26,11,5,10
131,1980-81,0,15,4,3,8
131,1981-82,93,34,17,8,9
131,1982-83,93,34,23,6,5
131,1983-84,93,34,19,7,8
131,1984-85,93,34,18,10,6
131,1985-86,93,34,20,9,5
131,1986-87,93,34,17,6,11
131,1987-88,93,34,22,8,4
131,1988-89,93,34,18,8,8
131,1989-90,93,34,10,14,10
131,1990-91,93,34,14,14,6
131,1991-92,93,38,11,16,11
131,1992-93,93,34,19,10,5
131,1993-94,93,34,13,10,11
131,1994-95,93,34,20,8,6
131,1995-96,3,30,18,4,8
131,1997-98,124,34,19,11,4
131,1998-99,124,34,17,6,11
131,1999-00,124,34,15,5,14
131,2000-01,124,7,2,2,3
131,2011-12,365,12,3,2,7
134,2008-09,94,28,17,6,5
134,2009-10,94,34,18,10,6
134,2015-16,50,11,4,3,4
134,2018-19,0,25,7,5,13
134,2021-22,0,20,5,3,12
137,1997-98,0,18,3,2,13
137,1999-00,198,34,10,13,11
137,2001-02,0,5,0,0,5
137,2002-03,333,34,15,11,8
137,2003-04,333,34,16,10,8
137,2005-06,39,38,22,8,8
137,2006-07,39,38,21,10,7
137,2007-08,39,38,19,9,10
137,2008-09,39,38,21,5,12
137,2009-10,39,38,13,8,17
137,2014-15,50,10,6,1,3
137,2016-17,25,8,1,3,4
137,2018-19,0,24,4,11,9
137,2020-21,39,21,5,6,10
138,2000-01,14,34,16,10,8
138,2001-02,14,34,21,7,6
138,2002-03,14,34,15,13,6
138,2003-04,14,34,16,7,11
138,2004-05,151,34,17,7,10
139,2013-14,0,18,3,3,12
139,2018-19,8,21,12,4,5
139,2019-20,8,38,18,12,8
139,2020-21,8,38,21,11,6
139,2021-22,8,12,5,2,5
141,1949-50,0,38,13,9,16
141,1950-51,0,38,10,10,18
141,1951-52,0,10,2,1,7
141,1953-54,2,25,13,7,5
141,1954-55,2,19,12,4,3
141,1955-56,0,26,7,9,10
144,1987-88,2,30,17,11,2
144,1988-89,2,34,16,14,4
144,1989-90,2,34,22,5,7
144,1990-91,2,34,18,10,6
144,1996-97,2,23,7,7,9
144,1998-99,24,22,9,5,8
144,2000-01,333,3,1,2,0
146,2012-13,536,30,14,12,4
146,2013-14,12,21,13,4,4
146,2014-15,536,34,12,11,11
146,2015-16,308,34,16,10,8
146,2019-20,0,38,21,7,10
146,2020-21,0,38,18,8,12
146,2022-23,154,32,16,8,8
146,2023-24,154,32,15,10,7
147,1990-91,333,34,13,12,9
147,1991-92,333,34,11,16,7
147,1992-93,333,34,16,9,9
147,1993-94,333,34,17,7,10
147,1994-95,333,34,18,9,7
147,1995-96,333,34,16,10,8
147,1996-97,0,19,5,5,9
147,1997-98,14,34,11,10,13
148,2006-07,88,34,20,10,4
148,2007-08,88,34,22,7,5
149,1966-67,24,30,14,7,9
149,1967-68,24,25,10,8,7
150,1978-79,3,18,9,4,5
150,1979-80,3,34,22,6,6
150,1980-81,3,34,22,9,3
150,1981-82,3,34,20,3,11
150,1982-83,3,31,16,9,6
150,1984-85,10,30,18,7,5
150,1985-86,14,32,9,7,16
150,1988-89,41,9,2,2,5
150,1990-91,365,6,1,3,2
151,2010-11,0,30,19,7,4
151,2011-12,0,3,1,2,0
151,2012-13,87,6,1,2,3
151,2013-14,0,9,3,2,4
151,2019-20,44,19,9,7,3
151,2020-21,44,2,1,1,0
151,2020-21,191,15,9,2,4
152,2016-17,0,11,1,2,8
154,2018-19,0,34,26,5,3
154,2019-20,0,17,9,4,4
154,2021-22,122,9,4,1,4
154,2022-23,191,34,22,6,6
154,2023-24,191,30,14,10,6
155,1991-92,0,8,1,2,5
156,1990-91,4,5,3,0,2
156,1991-92,4,42,16,16,10
156,1992-93,4,42,16,11,15
156,1993-94,4,26,12,7,7
156,1996-97,0,38,10,11,17
156,1997-98,10,26,17,5,4
156,1998-99,10,30,17,7,6
156,2001-02,421,38,12,10,16
156,2002-03,421,38,16,12,10
156,2003-04,421,38,12,8,18
156,2004-05,421,4,0,2,2
156,2004-05,307,33,9,12,12
156,2005-06,307,23,7,5,11
157,2021-22,0,14,5,3,6
157,2021-22,30,12,4,3,5
157,2022-23,30,20,4,6,10
158,2010-11,0,34,16,6,12
158,2011-12,0,34,15,8,11
158,2012-13,44,30,20,7,3
158,2013-14,44,29,17,3,9
158,2014-15,0,27,15,5,7
158,2015-16,0,34,18,5,11
158,2016-17,0,34,12,13,9
158,2017-18,0,34,22,5,7
158,2018-19,0,34,17,7,10
158,2019-20,0,25,12,5,8
158,2020-21,0,6,2,3,1
158,2020-21,0,22,10,4,8
158,2021-22,0,17,6,4,7
159,1994-95,0,18,1,2,15
159,2000-01,46,34,17,13,4
159,2001-02,46,34,20,6,8
159,2004-05,33,12,3,4,5
159,2005-06,123,38,17,8,13
160,1974-75,3,17,7,4,6
160,1975-76,3,34,15,10,9
160,1976-77,3,34,14,9,11
160,1977-78,3,16,4,4,8
160,1977-78,41,17,8,2,7
160,1982-83,37,34,10,9,15
160,1983-84,37,34,13,8,13
160,1984-85,37,34,9,13,12
162,2004-05,0,38,12,11,15
162,2005-06,25,38,19,12,7
162,2006-07,25,38,20,6,12
162,2007-08,25,9,6,0,3
162,2008-09,10,30,17,8,5
162,2009-10,24,30,12,4,14
162,2010-11,24,38,17,7,14
162,2014-15,0,7,3,0,4
162,2015-16,0,38,12,9,17
162,2016-17,0,38,15,11,12
162,2017-18,0,33,8,12,13
162,2019-20,0,10,1,4,5
162,2021-22,0,30,8,14,8
162,2022-23,0,31,7,10,14
162,2023-24,80,18,8,4,6
163,1993-94,0,34,10,8,16
163,1994-95,0,18,1,6,11
163,1995-96,132,34,14,11,9
163,1996-97,132,20,6,3,11
163,1996-97,0,14,6,4,4
163,1997-98,0,34,21,7,6
163,2000-01,0,34,13,10,11
163,2001-02,0,34,15,9,10
163,2002-03,0,34,13,13,8
163,2006-07,0,34,23,6,5
163,2007-08,0,7,5,2,0
165,2013-14,0,25,8,3,14
165,2014-15,0,34,11,7,16
165,2015-16,448,11,2,2,7
165,2016-17,0,9,7,0,2
165,2017-18,0,34,11,9,14
165,2018-19,0,28,9,11,8
165,2019-20,379,34,20,9,5
165,2020-21,379,20,6,6,8
165,2022-23,50,36,28,4,4
165,2023-24,50,35,31,3,1
166,2007-08,0,24,5,9,10
166,2009-10,0,38,13,11,14
166,2010-11,0,38,8,15,15
166,2011-12,23,38,7,17,14
166,2014-15,0,26,13,7,6
168,1980-81,0,25,10,5,10
168,1982-83,87,30,18,6,6
168,1985-86,0,24,6,6,12
168,1987-88,496,17,6,3,8
168,1987-88,0,13,4,4,5
168,1991-92,0,34,11,7,16
168,1992-93,308,9,4,2,3
168,1993-94,308,23,6,7,10
168,1996-97,12,34,27,4,3
168,1997-98,12,34,24,5,5
169,2013-14,0,5,1,1,3
169,2018-19,0,12,1,2,9
170,2002-03,131,38,11,12,15
170,2006-07,35,38,14,7,17
171,2011-12,0,9,7,0,2
171,2013-14,0,34,18,5,11
171,2014-15,0,34,29,1,4
171,2015-16,0,34,26,6,2
171,2016-17,0,34,22,10,2
171,2017-18,0,34,26,5,3
171,2018-19,88,10,2,3,5
171,2022-23,0,27,9,8,10
171,2023-24,0,12,2,2,8
172,1947-48,0,40,17,15,8
172,1948-49,0,38,13,12,13
172,1949-50,0,38,14,12,12
172,1953-54,0,34,9,10,15
172,1955-56,0,34,14,6,14
172,1956-57,0,34,8,16,10
172,1957-58,0,34,16,10,8
172,1958-59,0,34,13,8,13
172,1959-60,0,34,14,8,12
172,1960-61,0,34,16,6,12
172,1961-62,2,33,23,5,5
172,1962-63,2,34,15,13,6
172,1963-64,206,34,9,17,8
172,1964-65,206,34,16,12,6
172,1965-66,206,34,9,13,12
172,1966-67,206,34,10,18,6
172,1967-68,2,30,18,10,2
172,1968-69,2,30,14,13,3
172,1969-70,2,30,13,10,7
172,1970-71,2,30,15,12,3
172,1971-72,2,30,16,10,4
172,1974-75,39,30,9,13,8
172,1976-77,2,15,3,8,4
173,2011-12,0,13,2,2,9
173,2013-14,0,33,9,7,17
173,2014-15,0,38,12,13,13
173,2015-16,0,38,16,13,9
173,2016-17,0,38,13,7,18
173,2017-18,0,38,23,8,7
173,2018-19,0,26,12,8,6
173,2019-20,42,7,1,0,6
173,2020-21,199,23,3,6,14
173,2021-22,198,3,0,0,3
173,2023-24,0,35,7,11,17
175,2020-21,14,23,14,3,6
175,2022-23,14,34,22,5,7
175,2023-24,14,32,17,9,6
176,1994-95,35,38,9,11,18
176,1997-98,60,13,7,3,3
176,1998-99,60,34,22,6,6
176,1999-00,60,34,15,9,10
176,2000-01,60,34,15,12,7
176,2001-02,60,34,14,8,12
176,2002-03,60,38,18,10,10
176,2003-04,60,10,3,2,5
176,2004-05,35,38,12,17,9
176,2005-06,35,38,11,14,13
176,2006-07,522,38,17,7,14
176,2007-08,522,38,9,15,14
176,2008-09,66,34,9,9,16
176,2012-13,17,38,21,8,9
176,2013-14,17,17,8,3,6
178,2019-20,3,24,21,1,2
178,2020-21,3,34,24,6,4
179,1990-91,5,6,4,1,1
179,1995-96,5,2,1,1,0
179,2000-01,5,7,3,3,1
179,2001-02,5,38,18,10,10
180,1982-83,0,38,14,6,18
180,1983-84,354,1,0,0,1
180,1985-86,354,30,17,7,6
180,1986-87,354,44,15,12,17
180,1987-88,354,25,7,6,12
180,1988-89,354,21,14,1,6
180,1989-90,354,38,11,17,10
180,1990-91,354,38,9,16,13
180,1991-92,354,38,10,7,21
180,1992-93,354,37,21,7,9
180,1993-94,368,12,10,2,0
180,1994-95,368,38,15,16,7
180,1995-96,368,42,16,14,12
180,1996-97,368,42,21,14,7
180,2000-01,5,31,14,9,8
180,2004-05,368,38,16,14,8
180,2005-06,368,38,10,12,16
181,2010-11,374,34,21,8,5
181,2013-14,38,21,12,4,5
181,2014-15,38,30,17,10,3
181,2015-16,38,30,21,1,8
181,2016-17,38,30,18,5,7
181,2018-19,53,30,15,8,7
181,2019-20,53,29,14,7,8
182,1984-85,0,34,4,9,21
182,1986-87,0,34,10,11,13
182,1987-88,0,19,6,6,7
182,1989-90,0,34,13,7,14
182,1990-91,0,34,10,8,16
182,1991-92,0,25,3,8,14
182,1997-98,0,34,17,4,13
182,1998-99,0,34,20,5,9
182,1999-00,0,33,13,8,12
182,2000-01,0,34,18,7,9
182,2001-02,0,15,10,2,3
182,2002-03,0,24,9,7,8
182,2003-04,0,34,17,6,11
182,2004-05,0,34,19,7,8
182,2005-06,12,34,24,7,3
182,2011-12,374,17,9,6,2
183,2003-04,0,34,11,12,11
183,2011-12,12,30,23,6,1
183,2012-13,12,30,24,6,0
183,2015-16,88,34,22,8,4
183,2021-22,88,17,8,4,5
183,2022,0,38,18,11,9
186,1998-99,30,31,16,8,7
186,1999-00,30,38,21,6,11
186,2000-01,30,38,20,8,10
186,2001-02,30,38,18,12,8
186,2003-04,23,38,15,11,12
186,2004-05,23,38,12,11,15
186,2005-06,23,38,10,12,16
187,2013-14,44,1,1,0,0
187,2014-15,44,30,16,9,5
187,2015-16,44,30,15,10,5
187,2023-24,0,17,10,3,4
192,1965-66,34,34,9,11,14
192,1966-67,34,34,12,10,12
192,1967-68,34,34,15,12,7
192,1968-69,34,34,13,11,10
192,1969-70,34,34,23,5,6
192,1970-71,34,34,20,10,4
192,1971-72,34,34,18,7,9
192,1972-73,34,34,17,5,12
192,1973-74,34,34,21,6,7
192,1974-75,34,34,21,8,5
192,1975-76,5,28,15,5,8
192,1976-77,0,34,17,6,11
192,1977-78,0,34,22,4,8
192,1978-79,0,34,13,12,9
192,1979-80,0,28,12,8,8
193,1983-84,4,42,22,14,6
193,1984-85,4,42,22,11,9
194,2019-20,470,34,12,5,17
194,2020-21,470,34,12,14,8
194,2021-22,470,34,16,9,9
194,2022-23,470,34,18,8,8
194,2023-24,470,11,2,0,9
195,1980-81,22,34,18,9,7
195,1981-82,22,34,13,12,9
196,2020-21,0,8,2,3,3
197,2001-02,0,42,19,9,14
197,2002-03,0,39,15,13,11
197,2004-05,0,34,9,8,17
197,2005-06,0,38,15,9,14
197,2006-07,0,38,14,10,14
197,2007-08,1,38,27,4,7
197,2008-09,1,14,8,2,4
197,2010-11,94,25,10,6,9
197,2013-14,125,38,12,9,17
198,2010-11,0,25,7,5,13
198,2011-12,11,11,5,3,3
198,2012-13,11,12,7,3,2
198,2014-15,55,27,11,7,9
200,1983-84,0,17,3,5,9
200,1995-96,87,6,4,2,0
200,1996-97,87,22,15,4,3
200,1997-98,87,8,4,3,1
200,2001-02,12,19,10,3,6
201,1987-88,151,34,16,8,10
201,1988-89,151,33,15,7,11
201,1989-90,151,25,12,3,10
201,1990-91,117,34,10,9,15
201,1995-96,22,25,14,6,5
201,1996-97,22,34,22,7,5
201,1997-98,22,12,6,2,4
202,2012-13,0,30,12,6,12
202,2013-14,0,30,8,8,14
202,2014-15,25,38,22,11,5
202,2015-16,25,13,5,4,4
202,2016-17,12,34,22,10,2
202,2018-19,109,38,16,9,13
202,2019-20,109,38,15,14,9
202,2020-21,109,38,12,9,17
202,2021-22,33,10,5,0,5
202,2023-24,13,19,5,4,10
207,2006-07,0,22,8,6,8
207,2007-08,0,27,6,13,8
207,2008-09,0,30,10,9,11
207,2009-10,308,30,22,5,3
207,2010-11,308,30,13,7,10
207,2011-12,87,18,9,5,4
207,2012-13,61,6,1,1,4
207,2013-14,0,9,3,1,5
207,2014-15,0,17,4,2,11
207,2016-17,0,8,1,1,6
207,2017-18,0,18,5,4,9
209,2015-16,22,34,19,6,9
209,2016-17,22,34,26,4,4
209,2017-18,22,34,20,6,8
209,2018-19,22,34,20,5,9
211,1997-98,0,31,14,6,11
211,1998-99,0,34,12,8,14
211,1999-00,0,34,10,8,16
211,2000-01,22,34,21,3,10
211,2001-02,22,34,19,7,8
211,2002-03,22,34,25,5,4
211,2003-04,22,34,20,8,6
211,2004-05,14,34,15,10,9
211,2005-06,14,34,11,13,10
211,2006-07,14,17,5,7,5
211,2007-08,22,34,18,6,10
211,2013-14,19,15,3,3,9
212,1950-51,5,30,16,3,11
212,1951-52,5,30,19,5,6
212,1952-53,5,30,19,4,7
212,1953-54,5,30,16,4,10
212,1954-55,0,30,15,9,6
212,1955-56,0,30,22,4,4
212,1956-57,0,30,16,5,9
212,1957-58,24,30,16,10,4
212,1958-59,24,30,13,6,11
212,1959-60,24,6,3,0,3
212,1960-61,368,30,11,8,11
212,1961-62,368,30,10,8,12
212,1962-63,368,10,3,1,6
212,1963-64,0,30,11,4,15
212,1964-65,80,30,11,4,15
212,1965-66,0,23,10,2,11
212,1965-66,0,7,3,3,1
212,1966-67,0,30,14,6,10
212,1967-68,0,15,8,2,5
212,1968-69,368,22,9,6,7
212,1969-70,0,19,9,7,3
212,1970-71,0,30,8,9,13
212,1971-72,0,5,2,0,3
212,1973-74,0,37,15,7,15
212,1976-77,0,20,6,6,8
213,2019-20,11,38,20,6,12
213,2020-21,11,19,8,5,6
213,2021-22,120,18,6,2,10
213,2022-23,120,20,3,6,11
213,2022-23,11,9,1,2,6
214,1994-95,123,38,15,17,6
214,1995-96,123,38,22,6,10
214,1996-97,123,38,17,10,11
214,1997-98,123,34,14,9,11
214,1998-99,123,34,9,10,15
214,1999-00,123,34,13,8,13
214,2001-02,123,28,14,8,6
214,2002-03,123,38,18,10,10
214,2003-04,123,38,19,8,11
214,2004-05,123,38,14,10,14
214,2007-08,0,4,0,2,2
217,1994-95,0,8,4,3,1
218,1997-98,66,34,11,8,15
218,1998-99,66,34,12,12,10
218,1999-00,66,34,12,7,15
218,2000-01,66,34,21,5,8
218,2001-02,66,19,4,4,11
218,2002-03,69,38,22,10,6
218,2003-04,69,38,11,13,14
219,1988-89,0,38,15,13,10
219,1989-90,0,38,16,8,14
219,1990-91,1,11,8,1,2
219,1991-92,1,19,14,3,2
219,1992-93,0,18,7,3,8
219,1993-94,0,38,12,13,13
219,1994-95,0,38,13,13,12
219,1995-96,24,42,26,9,7
219,1996-97,24,42,20,11,11
219,1997-98,24,38,16,12,10
219,1998-99,24,11,3,4,4
219,1999-00,24,11,0,5,6
219,2000-01,0,38,11,8,19
219,2002-03,5,18,9,6,3
219,2003-04,190,9,2,1,6
221,1999-00,0,34,13,4,17
221,2000-01,0,34,11,13,10
221,2001-02,0,34,13,8,13
221,2002-03,17,38,19,8,11
221,2003-04,17,18,10,0,8
221,2004-05,0,7,2,2,3
221,2005-06,0,13,2,4,7
221,2006-07,0,38,15,12,11
221,2007-08,46,38,24,7,7
221,2008-09,35,25,8,6,11
221,2009-10,35,17,4,3,10
222,1985-86,15,42,11,12,19
222,1986-87,15,7,1,4,2
222,1986-87,23,34,7,12,15
223,1974-75,24,25,9,9,7
223,1975-76,24,34,18,6,10
223,1976-77,24,34,19,8,7
223,1977-78,24,34,16,4,14
223,1978-79,24,4,2,2,0
223,1979-80,24,25,7,10,8
223,1981-82,368,0,0,0,0
223,1982-83,24,34,20,6,8
223,1983-84,24,34,17,8,9
223,1984-85,24,34,16,11,7
223,1985-86,24,34,17,8,9
223,1986-87,24,19,9,2,8
223,1987-88,5,34,14,9,11
223,1990-91,0,38,12,10,16
223,1991-92,24,38,24,5,9
223,1992-93,24,20,8,6,6
223,1993-94,80,38,15,12,11
223,1994-95,80,38,16,11,11
223,1995-96,25,42,26,5,11
223,1996-97,25,13,5,2,6
223,1997-98,368,38,17,8,13
223,1999-00,0,38,11,12,15
223,2000-01,354,38,20,11,7
223,2001-02,24,42,23,10,9
223,2002-03,24,38,12,11,15
223,2003-04,354,32,14,4,14
223,2004-05,0,11,6,5,0
223,2005-06,0,15,11,3,1
223,2006-07,0,11,7,1,3
223,2007-08,0,17,14,3,0
223,2008-09,88,34,18,7,9
225,1971-72,0,34,15,8,11
225,1972-73,0,34,11,9,14
225,1973-74,0,34,14,5,15
225,1974-75,0,34,12,8,14
225,1975-76,0,28,7,8,13
226,2006-07,0,34,13,12,9
226,2007-08,94,34,23,4,7
226,2008-09,94,6,4,2,0
226,2008-09,484,18,10,6,2
226,2009-10,484,34,23,6,5
226,2010-11,484,34,17,10,7
226,2011-12,484,34,13,10,11
226,2012-13,484,19,6,9,4
226,2013-14,0,34,10,12,12
226,2014-15,0,16,3,7,6
226,2015-16,484,13,5,0,8
226,2017-18,0,4,1,1,2
226,2018-19,0,14,3,3,8
227,2001-02,0,17,4,4,9
228,1997-98,11,13,6,0,7
228,1998-99,11,38,20,15,3
228,1999-00,11,38,18,11,9
228,2000-01,11,5,1,3,1
230,1974-75,0,19,3,5,11
231,2015-16,41,9,4,0,5
231,2016-17,41,34,11,9,14
231,2017-18,41,34,14,7,13
231,2018-19,3,34,24,6,4
231,2019-20,3,10,5,3,2
231,2020-21,28,38,24,6,8
231,2021-22,28,19,8,5,6
231,2022-23,122,34,13,10,11
231,2023-24,122,26,6,7,13
232,2001-02,0,38,10,15,13
232,2002-03,0,38,11,15,12
232,2003-04,0,38,19,7,12
232,2004-05,0,38,19,9,10
232,2005-06,0,38,15,15,8
232,2006-07,0,38,22,10,6
232,2007-08,0,9,5,3,1
232,2007-08,80,31,17,4,10
232,2008-09,80,38,21,7,10
232,2009-10,80,28,13,6,9
232,2011-12,0,22,10,3,9
232,2012-13,0,38,9,7,22
232,2018-19,0,14,5,7,2
233,1954-55,1,17,11,4,2
233,1955-56,1,30,18,2,10
233,1956-57,1,30,20,4,6
233,1959-60,24,24,12,3,9
233,1960-61,24,30,17,6,7
233,1961-62,24,30,15,6,9
233,1962-63,0,6,1,3,2
233,1963-64,0,6,5,0,1
233,1964-65,0,3,0,1,2
233,1964-65,0,1,1,0,0
233,1965-66,0,7,3,1,3
234,1966-67,151,19,7,8,4
234,1967-68,192,34,11,11,12
234,1968-69,192,12,4,3,5
234,1974-75,151,18,4,6,8
236,2021-22,5,26,17,5,4
236,2022-23,5,38,28,4,6
236,2023-24,5,34,22,7,5
237,2021-22,37,34,19,7,8
237,2022-23,37,8,1,2,5
237,2023-24,34,32,7,12,13
241,1978-79,124,34,16,11,7
241,1979-80,124,34,18,5,11
241,1980-81,124,34,17,10,7
241,1981-82,124,34,16,10,8
241,1982-83,14,25,15,4,6
241,1983-84,0,24,8,7,9
241,1984-85,0,34,14,8,12
241,1985-86,0,33,18,7,8
241,1986-87,0,34,12,11,11
241,1987-88,41,34,10,11,13
241,1988-89,41,3,0,0,3
241,1989-90,124,12,6,3,3
241,1990-91,124,34,19,10,5
241,1991-92,124,38,17,10,11
241,2007-08,50,28,18,7,3
242,2007-08,11,32,22,8,2
242,2009-10,0,25,5,6,14
242,2010-11,0,37,7,12,18
243,2015-16,46,19,12,3,4
243,2016-17,46,38,20,5,13
243,2017-18,46,38,23,9,6
243,2018-19,46,38,21,9,8
243,2020-21,485,11,6,2,3
243,2021-22,485,38,20,6,12
243,2022-23,485,38,21,5,12
243,2023-24,485,12,2,6,4
246,2019-20,308,9,8,1,0
246,2019-20,87,11,6,3,2
246,2020-21,87,34,26,7,1
246,2021-22,87,34,27,4,3
246,2022-23,87,34,23,5,6
246,2023-24,87,31,26,3,2
248,2010-11,44,30,19,8,3
248,2011-12,44,30,20,7,3
248,2013-14,0,29,6,7,16
250,1980-81,0,14,12,1,1
250,1982-83,0,34,26,6,2
250,1983-84,0,34,22,7,5
250,1984-85,0,29,21,5,3
250,1993-94,0,34,17,10,7
250,1994-95,0,8,4,2,2
250,1995-96,93,17,3,8,6
250,1998-99,0,11,3,4,4
250,2006-07,0,34,10,8,16
250,2007-08,0,34,12,7,15
250,2009-10,132,4,0,1,3
251,2019-20,31,20,9,6,5
251,2020-21,31,38,18,7,13
251,2021-22,31,38,22,3,13
251,2022-23,31,38,26,6,6
251,2023-24,31,35,25,5,5
252,2014-15,0,24,7,8,9
252,2015-16,0,38,16,12,10
252,2016-17,0,38,13,13,12
252,2017-18,0,30,16,7,7
252,2017-18,69,9,5,1,3
252,2018-19,0,18,6,5,7
252,2018-19,69,21,8,7,6
252,2019-20,69,38,16,8,14
252,2020-21,69,38,17,11,10
252,2021-22,69,38,17,11,10
252,2022-23,69,38,21,8,9
252,2023-24,69,34,14,12,8
